,cats,scores
0,age,0.44942721581329453
1,c_charge_degree,0.029141770132059763
2,sex,0.018781395788167718
3,priors_count,0.45153636311773376
4,African-American,0.033006989647415046
5,Asian,0.0019405407501097817
6,Caucasian,0.00988232002204226
7,Hispanic,0.0020374618249267866
8,Native American,0.00302242672878729
9,Other,0.0012235161754631369
